{
  "features": [
    "start_price",
    "area",
    "start_month",
    "start_dayofweek",
    "start_hour",
    "start_quarter",
    "start_year",
    "duration_hours",
    "time_period",
    "day_group",
    "month_part",
    "season_group",
    "is_weekend",
    "is_morning",
    "is_evening",
    "start_price_log",
    "area_log",
    "duration_log",
    "start_price_per_sqm",
    "area_x_price",
    "hour_sin",
    "hour_cos",
    "month_sin",
    "month_cos",
    "area_bucket",
    "start_price_bucket",
    "city_grouped",
    "district_grouped",
    "property_grouped",
    "region_grouped",
    "time_period_ratio_hist",
    "day_group_ratio_hist",
    "month_part_ratio_hist",
    "season_ratio_hist",
    "ptype_ratio_hist",
    "region_ratio_hist",
    "ptype_season_ratio_hist"
  ],
  "cat_cols": [
    "time_period",
    "day_group",
    "month_part",
    "season_group",
    "area_bucket",
    "start_price_bucket",
    "city_grouped",
    "district_grouped",
    "property_grouped",
    "region_grouped"
  ],
  "area_bucket_mode": "(696.252, 1109.5]",
  "start_price_bucket_mode": "(746000.0, 2009000.0]",
  "global_ratio": 1.6761193558042693,
  "time_period_map": {
    "afternoon": 2.1375157433569414,
    "evening": 3.443393556305036,
    "morning": 1.3384625668943997
  },
  "day_group_map": {
    "weekday": 1.7209901240630676,
    "weekend": 1.3597229129537682
  },
  "month_part_map": {
    "beginning_month": 1.4707762947444278,
    "end_month": 2.1856742491900674,
    "middle_month": 1.3660743375936113
  },
  "season_map": {
    "Q1": 1.3499729917386107,
    "Q2": 2.209014001423977,
    "Q3": 1.4958778496378076,
    "Q4": 1.4832652766224788
  },
  "ptype_map": {
    "Other": 1.6010087457489024,
    "apartment": 1.3483700308097657,
    "building": 1.5477830597171485,
    "floor": 1.3437073680117742,
    "land": 1.8674340799087943,
    "market": 2.031914509979414,
    "rest": 1.4918674188074117,
    "store": 1.5486752370659633,
    "villa": 1.2538739763559736
  },
  "region_map": {
    "Other": 1.4779987399837138,
    "الباحة": 1.7037656708092443,
    "الجوف": 1.5886903037183415,
    "الرياض": 1.5521634052652187,
    "الشرقية": 1.3232028268625018,
    "القصيم": 1.3432289941715874,
    "المدينة المنورة": 1.403384088065474,
    "تبوك": 1.645952025360291,
    "جازان": 1.474053760078591,
    "حائل": 1.2893225113111961,
    "عسير": 1.4217269055763802,
    "مكة المكرمة": 3.138135257008862,
    "نجران": 1.4312847931784762
  },
  "ptype_season_map": {
    "Other__Q1": 1.6009949829371282,
    "Other__Q2": 1.681554016097234,
    "Other__Q3": 1.6155669319353068,
    "Other__Q4": 1.6972645376904376,
    "apartment__Q1": 1.626834776218782,
    "apartment__Q2": 1.4917231678576506,
    "apartment__Q3": 1.5172483985664664,
    "apartment__Q4": 1.5408954846434155,
    "building__Q1": 1.4464609913548017,
    "building__Q2": 1.496819110893292,
    "building__Q3": 1.6571137412314556,
    "building__Q4": 1.802127892249106,
    "floor__Q1": 1.515561052017661,
    "floor__Q2": 1.5408954846434155,
    "floor__Q3": 1.6009949829371282,
    "floor__Q4": 1.4917231678576506,
    "land__Q1": 1.437772443657888,
    "land__Q2": 2.568503140910924,
    "land__Q3": 1.5798761302609183,
    "land__Q4": 1.4229539274213832,
    "market__Q1": 1.6023021724796118,
    "market__Q2": 1.711715648992341,
    "market__Q3": 1.737941369883515,
    "market__Q4": 2.162489421982588,
    "rest__Q1": 1.6009949829371282,
    "rest__Q3": 1.6009949829371282,
    "rest__Q4": 1.5902409025688937,
    "store__Q1": 1.6424240909340877,
    "store__Q3": 1.6015369883571826,
    "store__Q4": 1.611261397017031,
    "villa__Q1": 1.453221688764685,
    "villa__Q2": 1.382787283504295,
    "villa__Q3": 1.3573442389412715,
    "villa__Q4": 1.4560281030660989
  },
  "known_cities": [
    "Other",
    "الخبر",
    "الدلم",
    "الدمام",
    "الرياض",
    "الطائف",
    "المدينة المنورة",
    "بريدة",
    "بيشة",
    "تبوك",
    "جدة",
    "حائل",
    "حفر الباطن",
    "مكة المكرمة"
  ],
  "known_districts": [
    "Other",
    "حي الملك عبدالله",
    "حي الناصرية"
  ],
  "known_properties": [
    "Other",
    "apartment",
    "building",
    "floor",
    "land",
    "market",
    "rest",
    "store",
    "villa"
  ],
  "known_regions": [
    "Other",
    "الباحة",
    "الجوف",
    "الرياض",
    "الشرقية",
    "القصيم",
    "المدينة المنورة",
    "تبوك",
    "جازان",
    "حائل",
    "عسير",
    "مكة المكرمة",
    "نجران"
  ]
}